いちから	いちから株式会社	PROPER_NOUN	現ANYCOLOR株式会社 にじさんじ運営	企業,にじさんじ
えにから	ANYCOLOR株式会社	PROPER_NOUN	にじさんじ運営 旧いちから株式会社	企業,にじさんじ
えにーからー	ANYCOLOR株式会社	PROPER_NOUN	にじさんじ運営 旧いちから株式会社	企業,にじさんじ
つきの	月ノ	PERSON	にじさんじ1期生 月ノ美兎	企業,にじさんじ
みと	美兎	PERSON	にじさんじ1期生 月ノ美兎	企業,にじさんじ
つきのみと	月ノ美兎	PERSON	にじさんじ1期生	企業,にじさんじ
える	える	PERSON	にじさんじ1期生	企業,にじさんじ
かえで	樋口楓	PERSON	にじさんじ1期生	企業,にじさんじ
ひぐちかえで	樋口楓	PERSON	にじさんじ1期生	企業,にじさんじ
しぶやはじめ	渋谷ハジメ	PERSON	にじさんじ1期生	企業,にじさんじ
もいら	モイラ	PERSON	にじさんじ1期生	企業,にじさんじ
ちひろ	勇気ちひろ	PERSON	にじさんじ1期生	企業,にじさんじ
ゆうきちひろ	勇気ちひろ	PERSON	にじさんじ1期生	企業,にじさんじ
あき	鈴谷アキ	PERSON	にじさんじ1期生	企業,にじさんじ
すずやあき	鈴谷アキ	PERSON	にじさんじ1期生	企業,にじさんじ
いちご	宇志海いちご	PERSON	にじさんじ2期生	企業,にじさんじ
うしみいちご	宇志海いちご	PERSON	にじさんじ2期生	企業,にじさんじ
むぎ	家長むぎ	PERSON	にじさんじ2期生	企業,にじさんじ
いえながむぎ	家長むぎ	PERSON	にじさんじ2期生	企業,にじさんじ
ゆうひりり	夕陽リリ	PERSON	にじさんじ2期生	企業,にじさんじ
ありす	物述有栖	PERSON	にじさんじ2期生	企業,にじさんじ
もののべありす	物述有栖	PERSON	にじさんじ2期生	企業,にじさんじ
ふみのたまき	文野環	PERSON	にじさんじ2期生 野良猫	企業,にじさんじ
ふしみがく	伏見ガク	PERSON	にじさんじ2期生	企業,にじさんじ
ぎるざれん	ギルザレンIII世	PERSON	にじさんじ2期生	企業,にじさんじ
ぎるざれんさんせい	ギルザレンIII世	PERSON	にじさんじ2期生	企業,にじさんじ
けんもち	剣持	PERSON	にじさんじ2期生 剣持刀也	企業,にじさんじ
とうや	刀也	PERSON	にじさんじ2期生 剣持刀也	企業,にじさんじ
けんもち	剣持刀也	PERSON	にじさんじ2期生	企業,にじさんじ
けんもちとうや	剣持刀也	PERSON	にじさんじ2期生	企業,にじさんじ
もりなかかざき	森中花咲	PERSON	にじさんじ2期生	企業,にじさんじ
すずかうたこ	鈴鹿詩子	PERSON	にじさんじ2期生	企業,にじさんじ
かなえ	叶	PERSON	にじさんじゲーマーズ	企業,にじさんじ
あかばねようこ	赤羽葉子	PERSON	にじさんじゲーマーズ	企業,にじさんじ
うずき	卯月コウ	PERSON	にじさんじSEEDs1期生	企業,にじさんじ
こう	卯月コウ	PERSON	にじさんじSEEDs1期生	企業,にじさんじ
うずきこう	卯月コウ	PERSON	にじさんじSEEDs1期生	企業,にじさんじ
くれあ	シスター・クレア	PERSON	にじさんじSEEDs1期生	企業,にじさんじ
しすたーくれあ	シスター・クレア	PERSON	にじさんじSEEDs1期生	企業,にじさんじ
どーら	ドーラ	PERSON	にじさんじSEEDs1期生	企業,にじさんじ
とどろききょうこ	轟京子	PERSON	にじさんじSEEDs1期生	企業,にじさんじ
すずきまさる	鈴木勝	PERSON	にじさんじSEEDs1期生	企業,にじさんじ
ちゃいか	花畑チャイカ	PERSON	にじさんじSEEDs1期生	企業,にじさんじ
はなばたけちゃいか	花畑チャイカ	PERSON	にじさんじSEEDs1期生	企業,にじさんじ
しゃちく	社築	PERSON	にじさんじSEEDs1期生 やしろきずく	企業,にじさんじ
やしろ	社築	PERSON	にじさんじSEEDs1期生	企業,にじさんじ
やしろきずく	社築	PERSON	にじさんじSEEDs1期生	企業,にじさんじ
りゅーしぇん	緑仙	PERSON	にじさんじSEEDs1期生 仙河緑	企業,にじさんじ
うみやしゃのかみ	海夜叉神	PERSON	にじさんじSEEDs1期生	企業,にじさんじ
はっさくゆず	八朔ゆず	PERSON	にじさんじSEEDs1期生	企業,にじさんじ
なかおあずま	名伽尾アズマ	PERSON	にじさんじSEEDs1期生	企業,にじさんじ
いずもかすみ	出雲霞	PERSON	にじさんじSEEDs1期生	企業,にじさんじ
あづちもも	安土桃	PERSON	にじさんじSEEDs1期生	企業,にじさんじ
えある	春崎エアル	PERSON	にじさんじVOIZ SEEDs2期生	企業,にじさんじ
はるさきえある	春崎エアル	PERSON	にじさんじVOIZ SEEDs2期生	企業,にじさんじ
くろはねくろと	黒羽黒兎	PERSON	にじさんじVOIZ	企業,にじさんじ
かみなりぽあろ	神成ポアロ	PERSON	にじさんじVOIZ	企業,にじさんじ
なるせなる	成瀬鳴	PERSON	にじさんじVOIZ SEEDs2期生	企業,にじさんじ
ささき	笹木咲	PERSON	にじさんじゲーマーズ	企業,にじさんじ
ささきさく	笹木咲	PERSON	にじさんじゲーマーズ	企業,にじさんじ
ひまわり	本間ひまわり	PERSON	にじさんじゲーマーズ	企業,にじさんじ
ほんまひまわり	本間ひまわり	PERSON	にじさんじゲーマーズ	企業,にじさんじ
りりむ	魔界ノりりむ	PERSON	にじさんじゲーマーズ	企業,にじさんじ
まかいのりりむ	魔界ノりりむ	PERSON	にじさんじゲーマーズ	企業,にじさんじ
くずは	葛葉	PERSON	にじさんじゲーマーズ	企業,にじさんじ
しいな	椎名唯華	PERSON	にじさんじゲーマーズ	企業,にじさんじ
しいなゆいか	椎名唯華	PERSON	にじさんじゲーマーズ	企業,にじさんじ
もるる	闇夜乃モルル	PERSON	にじさんじゲーマーズ	企業,にじさんじ
やみよのもるる	闇夜乃モルル	PERSON	にじさんじゲーマーズ	企業,にじさんじ
せつな	雪汝	PERSON	にじさんじゲーマーズ	企業,にじさんじ
あすかひな	飛鳥ひな	PERSON	にじさんじSEEDs2期生	企業,にじさんじ
あめもりさよ	雨森小夜	PERSON	にじさんじSEEDs2期生	企業,にじさんじ
かんだしょういち	神田笑一	PERSON	にじさんじSEEDs2期生	企業,にじさんじ
たかみや	鷹宮リオン	PERSON	にじさんじSEEDs2期生	企業,にじさんじ
りおん	鷹宮リオン	PERSON	にじさんじSEEDs2期生	企業,にじさんじ
たかみやりおん	鷹宮リオン	PERSON	にじさんじSEEDs2期生	企業,にじさんじ
まいもと	舞元啓介	PERSON	にじさんじSEEDs2期生	企業,にじさんじ
まいもとけいすけ	舞元啓介	PERSON	にじさんじSEEDs2期生	企業,にじさんじ
さくらりつき	桜凛月	PERSON	にじさんじSEEDs2期生	企業,にじさんじ
じょー	ジョー・力一	PERSON	にじさんじSEEDs2期生	企業,にじさんじ
じょーかー	ジョー・力一	PERSON	にじさんじSEEDs2期生 力一(りきいち)	企業,にじさんじ
じょーりきいち	ジョー・力一	PERSON	にじさんじSEEDs2期生	企業,にじさんじ
りんどうみこと	竜胆尊	PERSON	にじさんじSEEDs2期生	企業,にじさんじ
でび	でびでび・でびる	PERSON	にじさんじSEEDs2期生	企業,にじさんじ
でびでびでびる	でびでび・でびる	PERSON	にじさんじSEEDs2期生	企業,にじさんじ
まちだちま	町田ちま	PERSON	にじさんじSEEDs2期生 まちたちま	企業,にじさんじ
まちたちま	町田ちま	PERSON	にじさんじSEEDs2期生	企業,にじさんじ
べるもんど	ベルモンド・バンデラス	PERSON	にじさんじSEEDs2期生	企業,にじさんじ
べるもんどばんでらす	ベルモンド・バンデラス	PERSON	にじさんじSEEDs2期生	企業,にじさんじ
やぐるま	矢車りね	PERSON	にじさんじSEEDs2期生	企業,にじさんじ
やぐるまりね	矢車りね	PERSON	にじさんじSEEDs2期生	企業,にじさんじ
ゆめおい	夢追翔	PERSON	にじさんじSEEDs2期生	企業,にじさんじ
ゆめおいかける	夢追翔	PERSON	にじさんじSEEDs2期生	企業,にじさんじ
くろいしば	黒井しば	PERSON	にじさんじSEEDs2期生	企業,にじさんじ
なるとこがね	鳴門こがね	PERSON	にじさんじSEEDs2期生	企業,にじさんじ
つきみしずく	月見しずく	PERSON	にじさんじSEEDs2期生	企業,にじさんじ
あちきた	遠北千南	PERSON	にじさんじSEEDs2期生	企業,にじさんじ
あちきたちなみ	遠北千南	PERSON	にじさんじSEEDs2期生	企業,にじさんじ
ゆづき	夢月ロア	PERSON	にじさんじ	企業,にじさんじ
ゆづきろあ	夢月ロア	PERSON	にじさんじ	企業,にじさんじ
かたりべ	語部紡	PERSON	にじさんじ	企業,にじさんじ
かたりべつむぐ	語部紡	PERSON	にじさんじ	企業,にじさんじ
しんどうらいと	真堂雷斗	PERSON	にじさんじ	企業,にじさんじ
あんじゅ	アンジュ・カトリーナ	PERSON	にじさんじ	企業,にじさんじ
あんじゅかとりーな	アンジュ・カトリーナ	PERSON	にじさんじ	企業,にじさんじ
いぬいとこ	戌亥とこ	PERSON	にじさんじ	企業,にじさんじ
りぜ	リゼ・ヘルエスタ	PERSON	にじさんじ	企業,にじさんじ
りぜへるえすた	リゼ・ヘルエスタ	PERSON	にじさんじ	企業,にじさんじ
あいぞのまなみ	愛園愛美	PERSON	にじさんじ	企業,にじさんじ
さえぐさ	三枝明那	PERSON	にじさんじ	企業,にじさんじ
さえぐさあきな	三枝明那	PERSON	にじさんじ	企業,にじさんじ
すずはらるる	鈴原るる	PERSON	にじさんじ	企業,にじさんじ
ゆきしろまひろ	雪城眞尋	PERSON	にじさんじ	企業,にじさんじ
まひろ	雪城眞尋	PERSON	にじさんじ	企業,にじさんじ
くどうちとせ	久遠千歳	PERSON	にじさんじ	企業,にじさんじ
わらべだ	童田明治	PERSON	にじさんじ	企業,にじさんじ
わらべだめいじー	童田明治	PERSON	にじさんじ	企業,にじさんじ
ぐんどうみれい	郡道美玲	PERSON	にじさんじ	企業,にじさんじ
せとみやこ	瀬戸美夜子	PERSON	にじさんじ	企業,にじさんじ
おのまちはるか	小野町春香	PERSON	にじさんじ	企業,にじさんじ
おとぎばらえら	御伽原江良	PERSON	にじさんじ	企業,にじさんじ
ぎばら	御伽原江良	PERSON	にじさんじ	企業,にじさんじ
えくす	エクス・アルビオ	PERSON	にじさんじ	企業,にじさんじ
えくすあるびお	エクス・アルビオ	PERSON	にじさんじ	企業,にじさんじ
れう゛ぃ	レヴィ・エリファ	PERSON	にじさんじ	企業,にじさんじ
れう゛ぃえりふぁ	レヴィ・エリファ	PERSON	にじさんじ	企業,にじさんじ
にゅい	ニュイ・ソシエール	PERSON	にじさんじ	企業,にじさんじ
にゅいそしえーる	ニュイ・ソシエール	PERSON	にじさんじ	企業,にじさんじ
はやまりん	葉山舞鈴	PERSON	にじさんじ	企業,にじさんじ
はやま	葉山舞鈴	PERSON	にじさんじ	企業,にじさんじ
はやと	加賀美ハヤト	PERSON	にじさんじ	企業,にじさんじ
かがみはやと	加賀美ハヤト	PERSON	にじさんじ	企業,にじさんじ
はかせふゆき	葉加瀬冬雪	PERSON	にじさんじ	企業,にじさんじ
よるみれな	夜見れな	PERSON	にじさんじ	企業,にじさんじ
あるす	アルス・アルマル	PERSON	にじさんじ	企業,にじさんじ
あるすあるまる	アルス・アルマル	PERSON	にじさんじ	企業,にじさんじ
あまみや	天宮こころ	PERSON	にじさんじ	企業,にじさんじ
あまみやこころ	天宮こころ	PERSON	にじさんじ	企業,にじさんじ
えりーこにふぁー	エリー・コニファー	PERSON	にじさんじ	企業,にじさんじ
えりー	エリー・コニファー	PERSON	にじさんじ	企業,にじさんじ
らとな	ラトナ・プティ	PERSON	にじさんじ	企業,にじさんじ
らとなぷてぃ	ラトナ・プティ	PERSON	にじさんじ	企業,にじさんじ
はなまきあ	ハナ マキア	PERSON	にじさんじID1期生	企業,にじさんじ
しぇりん	シェリン・バーガンディ	PERSON	にじさんじ	企業,にじさんじ
しぇりんばーがんでぃ	シェリン・バーガンディ	PERSON	にじさんじ	企業,にじさんじ
すこや	健屋花那	PERSON	にじさんじ	企業,にじさんじ
すこやかな	健屋花那	PERSON	にじさんじ	企業,にじさんじ
はやせそう	早瀬走	PERSON	にじさんじ	企業,にじさんじ
まゆずみ	黛灰	PERSON	にじさんじ	企業,にじさんじ
まゆずみかい	黛灰	PERSON	にじさんじ	企業,にじさんじ
ういは	相羽ういは	PERSON	にじさんじ	企業,にじさんじ
あいばういは	相羽ういは	PERSON	にじさんじ	企業,にじさんじ
ふみ	フミ	PERSON	にじさんじ	企業,にじさんじ
ほしかわ	星川サラ	PERSON	にじさんじ	企業,にじさんじ
ほしかわさら	星川サラ	PERSON	にじさんじ	企業,にじさんじ
やまがみかるた	山神カルタ	PERSON	にじさんじ	企業,にじさんじ
えま	えま★おうがすと	PERSON	にじさんじ	企業,にじさんじ
えまおうがすと	えま★おうがすと	PERSON	にじさんじ	企業,にじさんじ
まお	魔使マオ	PERSON	にじさんじ	企業,にじさんじ
まつかいまお	魔使マオ	PERSON	にじさんじ	企業,にじさんじ
るいす	ルイス・キャミー	PERSON	にじさんじ	企業,にじさんじ
るいすきゃみー	ルイス・キャミー	PERSON	にじさんじ	企業,にじさんじ
ふわ	不破湊	PERSON	にじさんじ	企業,にじさんじ
ふわみなと	不破湊	PERSON	にじさんじ	企業,にじさんじ
しらゆきともえ	白雪巴	PERSON	にじさんじ	企業,にじさんじ
ぐうぇる	グウェル・オス・ガール	PERSON	にじさんじ	企業,にじさんじ
ぐうぇるおすがーる	グウェル・オス・ガール	PERSON	にじさんじ	企業,にじさんじ
らいがりれい	ライ ガリレイ	PERSON	にじさんじID2期生	企業,にじさんじ
ましろ	ましろ爻	PERSON	にじさんじ ましろ	企業,にじさんじ
ましろめめ	ましろ爻	PERSON	にじさんじ ましろ	企業,にじさんじ
くるす	来栖夏芽	PERSON	にじさんじ	企業,にじさんじ
くるすなつめ	来栖夏芽	PERSON	にじさんじ	企業,にじさんじ
ならか	奈羅花	PERSON	にじさんじ	企業,にじさんじ
みんすぅーは	ミン スゥーハ	PERSON	にじさんじKR1期生	企業,にじさんじ
がおん	ガオン	PERSON	にじさんじKR1期生	企業,にじさんじ
いぶらひむ	イブラヒム	PERSON	にじさんじ	企業,にじさんじ
ふれん	フレン・E・ルスタリオ	PERSON	にじさんじ	企業,にじさんじ
ふれんいーるすたりお	フレン・E・ルスタリオ	PERSON	にじさんじ	企業,にじさんじ
らいらあるすとろえめりあ	ライラ アルストロエメリア	PERSON	にじさんじID3期生	企業,にじさんじ
かいだはる	甲斐田晴	PERSON	にじさんじ	企業,にじさんじ
げんづきとうじろう	弦月藤士郎	PERSON	にじさんじ	企業,にじさんじ
ながおけい	長尾景	PERSON	にじさんじ	企業,にじさんじ
そなぎ	ソ ナギ	PERSON	にじさんじKR2期生	企業,にじさんじ
そらほしきらめ	空星きらめ	PERSON	にじさんじ	企業,にじさんじ
めいろ	金魚坂めいろ	PERSON	にじさんじ	企業,にじさんじ
きんぎょざかめいろ	金魚坂めいろ	PERSON	にじさんじ	企業,にじさんじ
んご	周央サンゴ	PERSON	にじさんじ	企業,にじさんじ
すおうさんご	周央サンゴ	PERSON	にじさんじ	企業,にじさんじ
きたこうじひすい	北小路ヒスイ	PERSON	にじさんじ	企業,にじさんじ
とうどうこはく	東堂コハク	PERSON	にじさんじ	企業,にじさんじ
にしぞのちぐさ	西園チグサ	PERSON	にじさんじ	企業,にじさんじ
あきられい	明楽レイ	PERSON	にじさんじKR3期生	企業,にじさんじ
いろは	イ ロハ	PERSON	にじさんじKR3期生	企業,にじさんじ
えとな	エトナ クリムソン	PERSON	にじさんじID4期生	企業,にじさんじ
えとなくりむそん	エトナ クリムソン	PERSON	にじさんじID4期生	企業,にじさんじ
おじゆ	オ ジユ	PERSON	にじさんじKR4期生	企業,にじさんじ
やんなり	ヤン ナリ	PERSON	にじさんじKR4期生	企業,にじさんじ
りゅはり	リュ ハリ	PERSON	にじさんじKR4期生	企業,にじさんじ
なぎさ	ナギサ アルシニア	PERSON	にじさんじID5期生	企業,にじさんじ
なぎさあるしにあ	ナギサ アルシニア	PERSON	にじさんじID5期生	企業,にじさんじ
でれむ	デレム カド	PERSON	にじさんじID5期生	企業,にじさんじ
でれむかど	デレム カド	PERSON	にじさんじID5期生	企業,にじさんじ
せふぃな	セフィナ	PERSON	にじさんじKR5期生	企業,にじさんじ
おりばー	オリバー・エバンス	PERSON	にじさんじ	企業,にじさんじ
おりばーえばんす	オリバー・エバンス	PERSON	にじさんじ	企業,にじさんじ
ろーれん	ローレン・イロアス	PERSON	にじさんじ	企業,にじさんじ
ろーれんいろあす	ローレン・イロアス	PERSON	にじさんじ	企業,にじさんじ
れおす	レオス・ヴィンセント	PERSON	にじさんじ	企業,にじさんじ
れおすう゛ぃんせんと	レオス・ヴィンセント	PERSON	にじさんじ	企業,にじさんじ
れいん	レイン・パターソン	PERSON	にじさんじ	企業,にじさんじ
れいんぱたーそん	レイン・パターソン	PERSON	にじさんじ	企業,にじさんじ
なせら	ナ セラ	PERSON	にじさんじKR6期生	企業,にじさんじ
はゆん	ハ ユン	PERSON	にじさんじKR6期生	企業,にじさんじ
めりっさ	メリッサ・キンレンカ	PERSON	にじさんじ	企業,にじさんじ
めりっさきんれんか	メリッサ・キンレンカ	PERSON	にじさんじ	企業,にじさんじ
あさひな	朝日南アカネ	PERSON	にじさんじ	企業,にじさんじ
あさひなあかね	朝日南アカネ	PERSON	にじさんじ	企業,にじさんじ
あくしあ	アクシア・クローネ	PERSON	にじさんじ	企業,にじさんじ
あくしあくろーね	アクシア・クローネ	PERSON	にじさんじ	企業,にじさんじ
あまがせむゆ	天ヶ瀬むゆ	PERSON	にじさんじ Ranunculus 	企業,にじさんじ
うつせよつは	海妹四葉	PERSON	にじさんじ Ranunculus	企業,にじさんじ
ぽんとねい	先斗寧	PERSON	にじさんじ Ranunculus	企業,にじさんじ
さろめ	壱百満天原サロメ	PERSON	にじさんじ	企業,にじさんじ
ひゃくまんてんばらさろめ	壱百満天原サロメ	PERSON	にじさんじ	企業,にじさんじ
しきなぎあきら	四季凪アキラ	PERSON	にじさんじ VOLTACTION	企業,にじさんじ
せらふ	セラフ・ダズルガーデン	PERSON	にじさんじ VOLTACTION	企業,にじさんじ
せらふだずるがーでん	セラフ・ダズルガーデン	PERSON	にじさんじ VOLTACTION	企業,にじさんじ
ふうらかなと	風楽奏斗	PERSON	にじさんじ VOLTACTION	企業,にじさんじ
わたらいひばり	渡会雲雀	PERSON	にじさんじ VOLTACTION	企業,にじさんじ
こしみずとおる	小清水透	PERSON	にじさんじ	企業,にじさんじ
ししどうあかり	獅子堂あかり	PERSON	にじさんじ	企業,にじさんじ
かぶらきろこ	鏑木ろこ	PERSON	にじさんじ	企業,にじさんじ
いがらしりか	五十嵐梨花	PERSON	にじさんじ	企業,にじさんじ
いしがみのぞみ	石神のぞみ	PERSON	にじさんじ	企業,にじさんじ
くらもちめると	倉持めると	PERSON	にじさんじ	企業,にじさんじ
そふぃあ	ソフィア・ヴァレンタイン	PERSON	にじさんじ	企業,にじさんじ
そふぃあう゛ぁれんたいん	ソフィア・ヴァレンタイン	PERSON	にじさんじ	企業,にじさんじ
あかぎうぇん	赤城ウェン	PERSON	にじさんじ	企業,にじさんじ
うさみりと	宇佐美リト	PERSON	にじさんじ	企業,にじさんじ
さいきいってつ	佐伯イッテツ	PERSON	にじさんじ	企業,にじさんじ
ひばちまな	緋八マナ	PERSON	にじさんじ	企業,にじさんじ
いなみらい	伊波ライ	PERSON	にじさんじ	企業,にじさんじ
こやなぎろう	小柳ロウ	PERSON	にじさんじ	企業,にじさんじ
ほしるべしょう	星導ショウ	PERSON	にじさんじ	企業,にじさんじ
むらくもかげつ	叢雲カゲツ	PERSON	にじさんじ	企業,にじさんじ
たとつてとと	立伝都々	PERSON	にじさんじ	企業,にじさんじ
しおりはるり	栞葉るり	PERSON	にじさんじ	企業,にじさんじ
みらん	ミラン・ケストレル	PERSON	にじさんじ	企業,にじさんじ
みらんけすとれる	ミラン・ケストレル	PERSON	にじさんじ	企業,にじさんじ
きたみゆうせい	北見遊征	PERSON	にじさんじ 3SKM	企業,にじさんじ
かいせい	魁星	PERSON	にじさんじ 3SKM	企業,にじさんじ
さかきねす	榊ネス	PERSON	にじさんじ 3SKM	企業,にじさんじ
きさら	綺沙良	PERSON	にじさんじ いずれ菖蒲か杜若	企業,にじさんじ
しがりこ	司賀りこ	PERSON	にじさんじ いずれ菖蒲か杜若	企業,にじさんじ
たまのいなな	珠乃井ナナ	PERSON	にじさんじ いずれ菖蒲か杜若	企業,にじさんじ
こずえもね	梢桃音	PERSON	にじさんじ いずれ菖蒲か杜若	企業,にじさんじ
るんるん	ルンルン	PERSON	にじさんじ いずれ菖蒲か杜若	企業,にじさんじ
きららたまこ	雲母たまこ	PERSON	にじさんじ Speciale	企業,にじさんじ
さおとめべりー	早乙女ベリー	PERSON	にじさんじ Speciale	企業,にじさんじ
さかよりそうま	酒寄颯馬	PERSON	にじさんじ Speciale	企業,にじさんじ
なぎさとらうと	渚トラウト	PERSON	にじさんじ Speciale	企業,にじさんじ
ななせすずな	七瀬すず菜	PERSON	にじさんじ Speciale	企業,にじさんじ
ひとつばしあやと	一橋綾人	PERSON	にじさんじ	企業,にじさんじ
いつきさきょう	五木左京	PERSON	にじさんじ	企業,にじさんじ
とがわののは	十河ののは	PERSON	にじさんじ 今宵、××と夢を見る。	企業,にじさんじ
やぎゅうしの	夜牛詩乃	PERSON	にじさんじ 今宵、××と夢を見る。	企業,にじさんじ
かどうみかる	蝸堂みかる	PERSON	にじさんじ 今宵、××と夢を見る。	企業,にじさんじ
ねこやしきみく	猫屋敷美紅	PERSON	にじさんじ 今宵、××と夢を見る。	企業,にじさんじ
しのみやゆの	篠宮ゆの	PERSON	にじさんじ すぷれあ	企業,にじさんじ
しろせいすみ	城瀬いすみ	PERSON	にじさんじ すぷれあ	企業,にじさんじ
すめらぎれお	皇れお	PERSON	にじさんじ すぷれあ	企業,にじさんじ
はなかごつばさ	花籠つばさ	PERSON	にじさんじ すぷれあ	企業,にじさんじ
しらさあやね	白砂あやね	PERSON	にじさんじ うみゃみー	企業,にじさんじ
みなもまどか	水面まどか	PERSON	にじさんじ うみゃみー	企業,にじさんじ
おのとら	男虎	PERSON	にじさんじ Y4T4	企業,にじさんじ
くりえいた	九里詠太	PERSON	にじさんじ Y4T4	企業,にじさんじ
ここなみいるか	小々波いるか	PERSON	にじさんじ Y4T4	企業,にじさんじ
せんりあゆむ	千凛あゆむ	PERSON	にじさんじ Y4T4	企業,にじさんじ
つかはらだいち	塚原大地	PERSON	にじさんじ Y4T4	企業,にじさんじ
みこがみことね	御子神琴音	PERSON	にじさんじ Y4T4	企業,にじさんじ
れいな	Rei7	PERSON	にじさんじ Y4T4	企業,にじさんじ
れよん	レヨン	PERSON	にじさんじ Y4T4	企業,にじさんじ
ぷりんららもーど	ぷりん・らら・もーど	PERSON	にじさんじ ぽっぷん・パーラー	企業,にじさんじ
ぽめろぱんち	ぽめろ・ぱんち	PERSON	にじさんじ ぽっぷん・パーラー	企業,にじさんじ
かみながたいが	神永タイガ	PERSON	にじさんじ RhyZyGy	企業,にじさんじ
やまだりゅういちろう	山田龍一郎	PERSON	にじさんじ RhyZyGy	企業,にじさんじ
